{
  "0": {
    "precision": 0.8403967538322813,
    "recall": 0.9022265246853823,
    "f1-score": 0.8702147525676938,
    "support": 1033.0
  },
  "1": {
    "precision": 0.6587837837837838,
    "recall": 0.5241935483870968,
    "f1-score": 0.5838323353293413,
    "support": 372.0
  },
  "accuracy": 0.8021352313167259,
  "macro avg": {
    "precision": 0.7495902688080325,
    "recall": 0.7132100365362395,
    "f1-score": 0.7270235439485175,
    "support": 1405.0
  },
  "weighted avg": {
    "precision": 0.7923113268870562,
    "recall": 0.8021352313167259,
    "f1-score": 0.7943896570426638,
    "support": 1405.0
  }
}